{"cameraMode":{"drawMode":0,"name":"Shaded","section":"Shading Mode"},"sceneLighting":false,"audioPlay":false,"sceneViewState":{"m_AlwaysRefresh":false,"showFog":false,"showSkybox":false,"showFlares":false,"showImageEffects":false,"showParticleSystems":false,"showVisualEffectGraphs":true,"m_FxEnabled":true},"in2DMode":false,"pivot":{"x":-0.008458256721496582,"y":-0.1036805808544159,"z":-0.03104490041732788},"rotation":{"x":0.02541484497487545,"y":-0.8588104248046875,"z":0.04281539469957352,"w":0.5098949670791626},"size":1.577492594718933,"orthographic":false}